Order ID,Order Date,Customer ID
54-366-6861,2020-06-15,72-055-7985
63-761-3686,2020-08-25,65-353-0657
65-351-6434,2021-08-17,90-876-6799
36-917-2834,2021-08-14,73-873-4827
86-114-9232,2020-12-20,80-927-5246
67-709-5581,2020-03-01,77-111-2020
80-076-4032,2021-10-04,10-341-4047
56-271-4185,2021-10-09,83-800-4789
43-052-9931,2021-12-27,89-896-4591
15-663-0481,2020-03-05,21-282-1343
23-582-1221,2019-07-20,04-699-2162
61-057-1975,2022-06-26,72-013-3529
87-599-0366,2020-12-03,09-688-8521
85-795-3011,2022-04-13,08-390-4691
08-270-7581,2020-08-22,56-479-7571
05-410-4163,2020-09-30,75-558-6855
82-639-1298,2019-09-04,09-710-7305
81-875-5053,2021-04-29,81-678-3234
69-780-6998,2020-04-14,83-988-2186
45-989-0711,2020-04-24,66-386-4902
10-052-8149,2019-09-30,37-285-0504
87-988-3093,2021-06-08,07-111-7669
04-812-8753,2020-06-01,84-136-7752
56-331-9919,2021-11-03,72-417-9175
35-371-2486,2020-02-02,79-082-9805
24-714-2660,2019-09-13,24-545-1124
00-465-7031,2020-08-25,84-300-6499
01-975-7149,2021-04-22,93-913-0650
92-747-8084,2019-08-09,91-251-5721
81-819-6997,2022-04-12,04-960-9928
48-370-5933,2022-01-28,35-042-6593
87-939-7467,2021-04-02,45-879-0850
20-205-9814,2021-11-23,78-492-1244
37-563-3518,2022-04-05,87-172-1004
35-988-0040,2019-08-10,55-516-2272
60-197-5739,2022-02-27,79-227-9821
36-383-1600,2019-08-08,87-811-2475
61-096-3317,2022-05-04,97-003-2495
30-867-3284,2020-10-05,26-631-4044
29-601-2712,2021-01-27,07-925-9556
28-387-3547,2019-08-14,18-296-6063
33-596-6321,2021-11-25,26-237-6257
48-873-2607,2019-09-29,77-064-4656
46-671-2432,2022-04-13,29-631-4932
67-067-9693,2020-12-10,04-268-9065
94-148-7497,2022-11-19,06-545-4037
90-921-1904,2021-08-16,82-278-5664
87-546-5058,2021-06-13,19-112-3031
25-522-2006,2021-02-02,58-749-9630
69-765-1585,2022-03-07,60-238-7059
17-146-9681,2022-12-02,03-575-7094
76-063-7709,2019-12-16,83-465-8495
39-647-4894,2022-05-27,97-122-0077
84-561-9421,2020-03-29,44-106-8726
08-152-8962,2021-01-12,75-652-8475
83-499-1350,2022-08-12,66-683-1761
39-613-0627,2022-03-27,18-238-2784
56-545-1829,2022-02-15,14-427-0652
42-906-2475,2021-10-11,96-883-5571
90-989-2851,2020-08-24,59-450-2625
17-851-5705,2021-06-17,17-237-9919
20-698-8725,2021-01-12,89-302-9477
62-918-2454,2021-12-03,30-395-2269
09-019-6593,2019-11-03,60-742-1416
73-876-5941,2019-07-03,42-286-4150
05-825-9260,2021-10-09,36-854-2570
55-263-8669,2021-09-06,00-988-1489
75-655-7346,2020-08-30,80-467-4735
23-760-0421,2019-08-05,04-049-1006
02-938-1657,2022-10-16,25-492-4931
00-669-6040,2021-12-19,38-206-8901
58-064-3049,2019-08-15,93-710-1150
30-969-9125,2020-05-28,79-752-9044
89-262-2574,2019-12-11,94-829-5714
56-933-2115,2022-05-15,17-162-2135
14-210-2413,2021-06-06,08-581-0238
51-322-7429,2021-04-28,51-824-3545
57-755-0191,2022-01-22,03-133-1843
49-841-5624,2021-08-15,52-259-8758
58-287-7773,2019-07-17,22-744-2112
91-284-4644,2022-08-10,54-926-6336
49-366-5985,2021-01-08,38-254-0934
40-107-4974,2022-07-06,72-486-1808
46-301-6761,2020-07-01,40-931-4451
02-266-1313,2022-08-19,81-286-3465
60-270-8291,2020-11-20,42-037-9687
68-226-7897,2020-12-14,09-427-8083
69-624-5454,2019-10-30,73-000-6730
90-389-3298,2022-08-24,24-902-5422
84-017-7714,2020-02-22,38-777-7517
36-779-8330,2019-11-01,45-670-3073
89-464-8624,2019-09-13,22-817-6388
14-224-3137,2022-08-15,30-882-6768
30-148-2955,2019-11-02,80-373-3482
65-301-1388,2022-05-05,19-175-1000
55-734-7101,2022-02-20,27-350-6986
92-838-7961,2021-04-20,44-929-7305
46-715-1183,2021-01-22,41-635-6237
64-569-9390,2021-12-12,00-381-6823
92-282-7155,2020-02-28,59-261-5057
31-576-8678,2022-06-05,13-132-4970
86-581-4964,2021-06-19,78-150-8068
56-840-9304,2019-10-14,26-834-8571
52-071-2704,2022-08-11,80-644-1720
80-215-3898,2021-12-21,66-365-0560
44-357-1100,2020-02-18,73-849-7161
22-904-5860,2020-02-26,96-606-2380
07-113-3748,2022-12-13,82-632-3278
24-998-9967,2021-12-30,88-786-4775
80-923-1183,2021-05-07,27-255-5518
10-390-3471,2019-09-17,55-534-3489
28-608-5137,2020-03-10,91-467-3717
12-837-0577,2021-12-29,72-701-8397
25-485-3794,2021-05-07,93-083-1812
78-407-9810,2022-09-19,89-643-5055
57-417-7291,2022-07-17,60-477-3944
27-077-0389,2021-02-03,91-616-5387
31-607-0351,2021-12-13,62-404-0979
15-667-9235,2022-01-21,30-459-4522
76-705-8000,2022-06-14,73-981-1213
97-507-9861,2020-12-24,86-200-6226
53-430-9568,2019-11-20,12-210-8916
98-889-5403,2020-01-17,09-129-7277
12-128-2576,2021-10-03,17-656-8981
03-825-5219,2020-04-29,36-854-2948
78-806-0853,2020-06-10,83-486-4557
39-843-1059,2020-06-03,71-234-5179
70-424-5723,2022-08-02,81-515-1278
34-629-9123,2021-08-07,53-839-6279
52-984-2592,2020-08-15,49-536-9801
01-423-8434,2022-10-03,84-031-0794
31-340-1373,2021-09-26,07-457-0443
43-009-8040,2020-01-11,50-716-5754
84-854-1349,2021-09-01,83-854-5062
46-969-1933,2021-08-27,31-441-5077
86-161-8508,2022-08-05,30-668-7438
69-607-3610,2022-08-21,37-013-0292
51-955-2727,2021-05-25,91-982-8246
40-192-8164,2021-08-11,73-965-2661
53-585-4586,2020-07-06,65-465-1137
56-076-6137,2020-08-13,46-957-2549
06-457-9925,2020-12-22,80-328-3018
51-007-0849,2019-09-22,19-745-7544
64-446-6092,2021-02-04,21-950-4765
62-768-3976,2022-10-10,37-402-2949
45-594-5624,2022-07-24,24-909-6177
46-892-9399,2021-10-14,58-570-3984
74-302-4817,2022-12-09,65-987-4463
07-116-3515,2020-10-01,21-903-1493
04-743-8019,2020-02-12,80-273-1248
09-896-5300,2021-09-19,10-502-1445
36-816-5383,2022-09-27,98-956-4430
76-380-8355,2020-02-08,58-165-3429
19-953-6477,2019-08-03,99-033-8011
61-841-5883,2022-11-14,44-048-2898
83-924-4913,2019-09-14,92-325-4771
36-480-1277,2019-11-24,16-968-9858
76-176-1093,2021-05-07,96-909-7950
63-204-3800,2019-08-04,75-905-7326
13-018-1111,2021-06-26,40-571-6226
77-561-4347,2022-05-26,10-921-5699
43-238-0006,2020-11-26,37-372-9415
59-380-4206,2020-09-30,14-852-2100
21-039-2999,2022-02-14,82-288-9392
28-882-5933,2019-12-22,56-326-1556
65-080-5283,2021-10-24,85-368-5194
74-564-7314,2019-12-20,09-888-3706
45-033-9684,2021-04-29,22-453-6603
76-855-7164,2020-06-11,59-998-9285
28-703-1952,2021-03-14,31-307-2307
29-773-5797,2021-09-15,73-427-9774
19-768-2646,2021-05-21,41-082-7417
08-659-6030,2020-08-16,68-700-9823
96-993-3962,2021-04-08,03-051-7819
83-220-9837,2020-10-24,57-301-6790
31-121-8822,2021-02-24,94-865-3366
65-311-3002,2019-08-26,00-090-3491
50-817-8023,2020-07-14,77-591-2181
11-397-2150,2020-07-15,99-109-2353
07-322-4153,2020-03-05,73-175-9496
84-724-9712,2022-06-07,90-491-1239
75-362-1645,2021-09-10,63-604-3193
76-627-0236,2020-09-22,02-974-0997
40-168-4233,2020-09-22,84-403-5215
25-850-5723,2020-08-05,75-436-9725
85-463-0651,2020-01-06,10-972-8681
64-141-5718,2020-08-01,11-127-1413
35-427-7418,2020-04-26,38-352-8049
12-648-4718,2020-11-01,57-611-6010
37-765-3279,2022-06-03,73-948-0480
91-332-6187,2020-12-10,59-715-3288
25-093-8535,2022-04-02,68-082-3942
59-493-4419,2019-11-20,43-748-1342
56-307-1423,2021-08-17,23-541-2030
06-887-6332,2022-02-27,52-934-7220
11-835-2932,2019-10-25,00-435-7006
01-981-5069,2020-07-26,85-779-8174
39-547-3173,2020-12-15,63-906-6480
50-185-4137,2020-01-13,73-712-9768
89-513-4206,2022-07-18,70-480-2781
53-974-4637,2021-06-23,94-235-1902
53-763-8296,2020-06-23,13-641-1831
82-589-4385,2020-06-19,71-561-5133
79-638-3210,2021-07-05,92-135-9201
93-057-9662,2020-10-03,09-339-5822
45-742-2253,2022-10-13,90-275-2874
13-555-4988,2021-01-28,37-705-9466
56-195-4013,2022-06-21,96-259-0479
55-443-2920,2022-01-23,75-937-6004
49-429-0115,2019-11-23,91-321-8895
89-997-5952,2019-12-21,80-325-0206
98-148-9592,2021-08-05,90-508-0061
89-865-3770,2021-05-31,29-310-6052
00-350-1396,2019-11-13,39-459-6791
91-121-2326,2021-02-09,85-700-6393
90-878-2657,2020-11-29,03-215-3959
67-961-1567,2022-09-17,00-689-5519
80-461-9387,2021-10-02,64-198-0112
38-478-1265,2021-06-04,80-658-1730
42-829-4772,2022-12-04,35-344-7124
84-681-6641,2019-10-21,35-109-7817
68-473-3919,2021-06-18,13-027-0249
07-634-6294,2020-04-22,58-341-8825
73-455-3435,2022-05-05,57-489-1320
17-396-0834,2020-03-09,99-534-0752
13-235-5773,2022-04-12,46-708-9429
22-501-9215,2020-06-28,55-267-3235
53-401-6179,2021-01-07,30-073-5505
06-934-9396,2020-09-30,14-968-9727
29-600-8355,2019-11-01,02-063-5381
65-966-4872,2020-05-09,97-687-5761
31-593-0632,2022-07-07,90-627-6303
89-100-6055,2021-06-19,47-900-5071
31-087-9491,2022-10-26,32-475-1071
88-367-5894,2021-03-24,97-708-6756
97-219-4069,2021-11-24,32-836-5069
33-755-4654,2022-07-23,33-715-4955
98-391-7796,2021-06-19,13-989-5109
13-469-9343,2020-03-28,61-819-5221
86-275-9654,2020-09-30,14-998-1300
30-791-3047,2022-03-14,76-877-1926
13-673-8989,2022-03-02,62-870-7138
01-855-8188,2021-02-19,68-435-7756
28-341-5469,2021-07-25,06-346-0589
31-221-4991,2020-11-28,45-770-5550
22-872-7952,2020-08-27,57-734-9941
12-346-4013,2022-08-24,16-233-7577
89-285-0567,2022-06-11,33-155-2546
65-170-4476,2021-03-25,72-484-4060
33-207-9048,2020-07-04,01-882-3064
72-099-2457,2020-06-15,44-352-4880
08-483-5677,2021-04-29,29-581-4956
79-268-0334,2021-02-11,91-062-1559
90-006-4375,2022-08-08,60-056-7305
04-904-4552,2021-07-14,93-077-9628
21-104-5976,2022-01-08,27-928-3810
31-073-7194,2019-08-18,59-029-6148
88-813-0409,2022-06-17,88-633-8492
91-163-7915,2022-06-29,16-061-3868
58-419-3322,2021-02-20,76-663-5204
35-795-9456,2022-02-07,53-638-1872
60-081-1759,2019-07-27,81-155-1642
35-907-6473,2021-11-02,09-463-4222
47-441-1628,2022-11-07,46-863-0685
58-376-5889,2020-09-27,26-673-1238
26-437-6628,2020-07-08,46-036-3035
77-827-0603,2019-09-30,78-169-2461
54-555-7832,2020-06-04,73-374-8667
30-082-2867,2021-01-13,91-807-1653
67-455-5976,2020-05-20,61-361-4915
34-970-4387,2020-08-11,91-253-6389
75-883-4614,2020-07-04,26-608-5179
71-373-6387,2020-05-29,40-831-4524
31-807-7846,2022-11-24,78-925-5718
14-376-2485,2021-06-13,33-532-7457
58-251-6487,2021-01-23,37-472-2855
60-913-9847,2020-02-22,15-796-7574
84-951-9107,2022-01-09,20-514-8420
68-012-9190,2022-05-01,14-149-6520
73-985-2542,2020-01-01,68-514-7375
34-415-8074,2020-08-09,76-056-5131
18-252-1922,2020-11-12,67-683-3934
92-795-7087,2021-07-29,85-427-4404
78-352-3174,2019-10-03,97-050-8120
13-912-7109,2020-07-29,06-994-0572
03-893-8767,2020-04-25,27-609-7148
37-082-5374,2022-06-22,35-231-9391
33-541-8718,2021-09-11,38-821-9223
22-437-6211,2020-09-11,85-902-1541
33-583-4747,2021-05-30,68-632-2108
71-485-0830,2020-04-25,58-972-0413
82-422-7097,2021-03-21,60-024-5912
72-207-0940,2022-09-27,35-838-2312
11-741-2205,2022-04-27,38-921-3385
69-218-2694,2020-08-01,70-887-8634
67-816-5527,2022-09-23,72-151-8614
29-353-4988,2022-11-03,80-202-1241
27-991-7078,2020-06-25,43-930-4762
15-260-9895,2020-07-20,62-555-9031
87-409-2090,2022-05-24,61-290-1464
07-244-2129,2020-11-18,76-263-1020
85-912-4773,2022-04-04,13-838-5377
69-817-5553,2021-09-06,08-962-4575
96-173-6690,2021-04-01,54-610-9376
60-078-2571,2020-04-02,61-679-9578
52-104-3482,2021-10-27,65-854-0852
22-697-0930,2022-02-21,44-527-5077
75-463-0491,2020-01-10,45-196-5583
45-519-3808,2022-08-19,97-034-6516
08-660-0159,2019-07-16,07-795-8092
94-211-8782,2020-10-13,91-067-3717
56-184-4508,2020-03-12,00-806-0662
49-337-9727,2022-10-23,85-983-2290
49-934-7149,2021-01-30,58-629-4175
39-201-1204,2019-09-29,79-307-3578
29-546-8618,2020-05-18,87-579-7924
95-337-7409,2022-06-25,33-772-5377
76-769-5168,2021-09-02,28-146-1975
04-546-8049,2022-11-23,71-674-3925
90-317-7928,2020-06-04,42-982-8925
67-172-7841,2022-04-27,30-049-5208
46-686-0158,2022-07-22,97-474-3634
97-004-1775,2020-11-01,84-107-5872
87-763-3059,2021-06-21,28-301-5131
41-622-4465,2020-07-18,18-208-4971
65-907-3127,2022-08-20,05-230-9436
52-348-6923,2021-12-02,78-456-9963
61-533-3161,2022-04-05,34-306-8680
24-332-5305,2021-08-03,59-084-7992
32-923-9697,2019-09-26,26-229-0678
63-555-6345,2020-09-20,98-945-3693
65-249-5260,2019-09-05,63-572-7482
00-008-3271,2021-05-24,50-245-9029
31-404-5047,2021-09-29,02-565-4368
78-040-2505,2020-08-17,17-062-2228
74-603-8937,2022-08-19,28-599-7053
98-293-6058,2019-08-25,59-164-4769
99-207-8914,2020-10-23,90-805-1347
13-698-5271,2019-12-11,67-121-1555
27-295-8802,2021-07-26,01-010-4453
90-320-2065,2022-10-17,37-935-3233
51-959-4742,2022-05-17,93-638-4651
77-904-4749,2022-06-25,32-058-7312
78-214-6816,2020-02-24,26-401-4662
19-560-5489,2022-01-26,99-288-3999
41-179-7445,2020-10-24,18-878-4452
49-368-5121,2021-10-18,06-566-4150
12-718-1501,2020-06-05,44-371-9315
99-748-0471,2019-11-05,16-794-2589
84-864-3249,2019-12-18,75-496-8007
94-106-4253,2021-10-09,80-565-2790
03-464-8128,2021-09-30,66-302-7863
46-031-2472,2020-10-22,23-068-9989
84-041-9180,2022-08-24,67-529-6495
45-780-6744,2022-03-05,94-518-3950
75-714-6097,2019-10-03,51-263-4679
76-913-8795,2020-08-18,58-684-1818
08-855-8354,2020-09-29,30-273-7602
99-860-3106,2020-04-08,61-440-3934
09-058-1844,2022-09-21,15-509-1414
77-889-7684,2020-03-02,05-507-9751
32-783-7159,2020-12-12,80-343-1997
74-339-3540,2020-05-06,04-641-1747
17-708-5350,2021-11-08,98-778-3557
03-132-2890,2022-11-05,44-057-4911
47-198-9429,2022-06-12,21-735-6636
05-982-4967,2020-02-24,91-165-1485
33-894-6676,2020-11-25,94-324-2649
33-667-2660,2021-02-16,19-662-9886
43-134-2893,2022-11-16,79-230-2093
74-346-3086,2022-01-11,86-735-3061
22-401-7510,2022-09-18,95-153-0059
97-662-2177,2020-09-09,91-536-3437
28-019-1318,2019-09-03,83-279-6709
28-960-2783,2022-10-24,55-844-1489
08-309-3649,2021-02-26,90-874-3974
04-003-4647,2020-10-31,57-924-8318
17-529-1692,2022-06-09,41-401-4494
26-281-8125,2020-11-30,45-809-5759
55-676-1998,2022-05-27,59-553-0874
66-610-1519,2021-11-10,63-816-5027
50-818-0337,2022-12-28,74-822-1028
04-911-6551,2019-10-09,72-364-9120
24-502-2774,2021-04-30,65-949-4674
32-208-6721,2020-08-21,14-623-7622
72-727-1317,2020-03-26,72-045-4857
01-715-3869,2022-03-13,85-164-1355
51-349-8226,2021-08-14,67-170-9130
52-905-6091,2021-07-30,88-616-2949
61-185-3517,2020-06-07,52-456-8474
71-409-7516,2019-07-24,51-673-6515
29-587-2527,2020-10-12,51-918-5148
92-521-6256,2019-11-01,71-435-6306
54-815-3308,2023-01-03,22-129-8597
23-898-9055,2022-10-31,70-288-8972
64-918-4744,2019-09-16,32-854-1763
10-370-7784,2019-12-09,01-169-3967
30-418-5129,2021-01-07,86-857-1829
75-421-5444,2021-10-24,84-742-3186
27-600-6800,2022-07-23,64-729-1878
81-940-9983,2022-03-02,44-383-3466
38-994-1709,2020-07-28,71-703-5222
83-217-3894,2021-03-09,18-607-5868
18-136-6969,2020-09-05,09-799-7986
09-440-5820,2022-07-02,98-044-8929
33-930-0109,2020-03-18,13-473-0498
22-561-9916,2020-09-23,75-903-8085
19-156-3010,2019-10-01,88-753-2311
51-247-0503,2022-05-03,29-317-1692
07-808-6932,2020-10-21,34-874-3361
25-912-8989,2022-07-09,65-570-0362
71-197-3844,2022-06-21,08-227-7061
38-624-7763,2022-07-05,24-717-8311
96-813-6384,2022-10-23,60-022-9187
98-920-8331,2020-08-12,15-794-0367
53-068-3680,2020-11-08,89-492-9791
70-349-8770,2020-08-23,94-757-1930
19-522-8580,2022-06-05,48-588-2099
52-152-3371,2021-08-14,83-012-9386
76-201-5085,2020-04-18,69-118-4914
50-048-3933,2020-10-31,74-526-8799
10-120-0016,2021-10-07,45-612-9855
03-297-4257,2019-08-23,46-176-6402
40-486-8511,2021-10-10,79-477-1193
04-976-7880,2022-12-31,18-234-4252
29-728-2837,2019-07-31,99-380-1965
11-769-7584,2021-12-25,50-079-2328
37-255-6435,2020-11-30,77-348-8809
71-140-6745,2020-11-10,50-340-3351
11-463-8439,2019-07-07,76-937-0622
12-306-6646,2021-10-31,08-294-3158
11-446-2659,2022-09-02,83-395-8326
11-700-3520,2022-04-17,39-327-8322
85-580-7392,2019-07-20,67-611-0715
93-409-8648,2021-02-04,26-438-8798
53-504-3875,2021-09-16,36-618-6589
11-648-9765,2020-12-28,84-440-9751
02-569-3156,2020-06-03,51-678-5620
13-189-4080,2020-02-27,75-673-9361
59-023-1187,2020-10-27,63-547-7404
18-944-2420,2022-02-14,57-497-0939
07-275-2696,2020-06-27,64-337-3586
69-562-1762,2022-02-24,37-335-7316
68-365-1512,2020-04-04,04-810-9943
92-809-9028,2020-03-10,04-732-9888
77-206-4888,2022-03-21,73-312-7210
25-771-0744,2020-11-24,71-907-8875
67-382-6166,2019-10-09,31-388-0154
10-814-8054,2020-01-14,61-104-0525
97-710-0241,2021-04-13,13-617-0573
89-306-1133,2019-08-08,80-987-8100
78-692-7008,2021-04-17,60-508-6117
25-433-9492,2020-08-02,64-943-2705
61-753-0334,2020-04-20,76-207-5652
44-087-0146,2021-10-12,57-651-6974
40-429-8594,2019-08-15,18-790-4326
18-237-6374,2020-05-03,82-126-8371
15-307-8168,2020-10-25,09-488-5773
37-103-3005,2019-08-06,07-589-4558
76-763-0657,2022-05-06,42-806-9893
66-392-1377,2020-04-18,63-536-7273
94-670-7121,2020-08-05,62-857-0603
91-242-5776,2020-11-30,78-012-8423
23-082-1065,2022-01-20,63-919-4250
71-440-8512,2019-11-24,71-615-2472
00-451-8857,2022-11-29,11-253-6502
98-115-7191,2021-06-20,34-259-4548
43-566-9850,2019-10-01,39-359-4391
06-416-0671,2021-11-26,81-541-0260
10-621-7662,2020-06-09,09-732-9826
51-062-8739,2022-06-03,52-341-6099
91-006-3876,2022-08-09,77-254-9655
81-653-6035,2020-08-24,69-923-8256
22-572-6325,2022-03-26,20-317-3721
84-707-3314,2020-10-20,66-441-5150
63-500-9286,2021-01-02,28-196-8983
96-491-1316,2019-07-10,84-776-0112
77-527-7922,2021-09-10,98-090-3894
53-494-9541,2021-10-08,01-864-9695
26-231-8897,2022-05-12,75-904-5534
60-725-6733,2019-09-05,11-447-6901
97-995-3154,2020-03-10,04-162-3406
25-339-5566,2020-09-10,32-426-3513
35-587-5940,2019-08-27,67-522-8690
53-433-8071,2021-02-15,16-649-4523
59-613-6838,2019-09-20,64-444-2153
02-699-8406,2022-08-26,09-563-6732
80-258-5757,2020-05-28,49-298-2216
15-297-7741,2021-08-23,92-486-6132
81-109-8738,2022-11-26,12-123-6838
80-784-2924,2021-03-03,77-493-2198
12-371-9369,2020-10-02,61-286-3086
87-976-0252,2020-04-24,12-472-1799
86-725-2449,2021-01-16,64-810-4341
65-451-1818,2021-08-16,26-402-5585
24-339-0545,2022-09-12,58-027-4960
62-591-7981,2021-12-03,45-876-6548
15-197-3569,2022-04-14,89-460-3944
55-619-8849,2022-04-27,15-547-7156
06-705-6026,2021-10-12,77-585-5912
08-316-6754,2019-08-25,21-667-2874
55-932-3347,2021-04-09,01-905-4730
32-049-4417,2021-03-30,98-252-9656
80-890-3871,2019-12-06,06-514-5687
44-701-3012,2020-06-24,63-367-4362
78-803-3890,2020-10-08,32-514-4207
08-940-9111,2022-09-22,95-643-4919
41-597-5931,2022-05-29,22-174-9688
85-961-5775,2021-05-07,13-517-7084
81-898-7131,2022-11-29,29-300-1910
93-083-3241,2019-12-17,53-132-9646
90-478-9446,2019-07-03,82-587-1933
34-631-7695,2020-01-04,71-993-6020
68-844-1159,2021-05-06,98-558-7897
27-774-9457,2021-01-04,53-761-3433
87-292-9640,2022-04-09,57-007-8529
20-140-3398,2020-10-16,72-650-0634
31-762-1168,2020-09-04,84-581-2271
65-386-4145,2022-01-26,56-917-2112
09-923-6077,2021-08-26,56-311-7903
87-435-5817,2021-04-26,30-481-3036
95-524-7993,2021-12-02,54-947-0130
88-109-5070,2022-06-03,12-180-4369
46-796-5628,2020-10-28,29-590-2171
92-555-9940,2022-09-27,20-380-7591
43-718-3224,2019-07-29,58-762-4502
95-587-8796,2022-06-13,88-064-9725
84-976-0893,2019-10-30,91-647-4130
85-313-3288,2019-07-14,50-213-8609
82-287-7415,2022-05-11,39-738-3678
72-823-6963,2020-03-03,98-374-2865
82-090-4450,2019-06-27,01-560-0809
79-555-6824,2021-01-01,70-750-9176
33-177-2796,2019-08-11,82-014-8133
13-435-8115,2021-01-04,87-320-3281
92-833-3271,2019-12-11,94-479-0084
37-474-6061,2022-09-27,24-176-7246
96-257-8035,2021-01-22,64-206-9106
61-097-0206,2020-10-25,69-254-9529
58-326-4792,2020-05-03,49-045-3798
93-396-2857,2020-09-05,08-816-0158
48-335-5237,2022-02-14,39-392-8970
74-034-2507,2020-09-27,36-821-2511
80-768-1365,2021-05-16,64-494-1301
00-283-3544,2022-07-02,07-369-4272
68-323-6449,2021-02-26,49-237-7569
30-124-4774,2020-02-05,84-872-5897
61-509-9344,2021-02-13,23-245-6549
66-276-1471,2021-02-10,01-889-1994
29-595-2468,2021-12-18,85-126-7032
35-174-3155,2020-03-05,04-729-3719
25-621-0618,2020-05-21,79-553-1254
82-799-6775,2022-08-04,40-116-0451
83-584-6805,2019-09-25,43-831-6225
31-405-1090,2021-12-27,80-827-8013
47-102-5062,2019-09-14,20-741-4330
53-541-9522,2022-07-14,89-981-5015
77-180-0305,2021-08-25,03-684-7057
43-109-7017,2020-07-22,51-811-2023
21-743-3530,2019-12-23,98-463-7157
28-279-3419,2021-09-04,15-541-9267
35-460-4013,2020-02-27,60-341-1613
47-084-5361,2021-10-09,94-189-0780
30-601-0133,2022-02-05,25-816-5806
70-350-8506,2022-02-04,60-243-1925
77-325-6969,2020-01-27,99-181-8100
35-067-3364,2022-07-06,57-653-7765
98-646-1456,2022-06-28,00-896-7289
70-821-6798,2022-03-23,60-337-9209
51-960-7680,2022-06-04,89-961-8506
45-436-6764,2020-07-31,79-104-5654
69-254-6693,2020-03-02,75-667-5377
49-795-0099,2019-10-20,83-007-6408
52-708-9153,2023-01-06,91-757-8892
05-378-2914,2022-03-02,08-417-0042
09-522-5385,2019-10-17,83-660-8060
01-754-7255,2020-07-03,97-850-3306
53-851-0542,2021-04-07,43-225-1028
46-773-9492,2022-11-15,84-559-2630
85-559-9663,2020-07-30,03-883-9835
66-576-7484,2019-09-16,45-619-6096
88-729-8334,2022-12-18,71-766-2433
44-877-6595,2022-08-27,95-556-4695
32-596-3017,2021-12-06,46-633-0361
90-716-3855,2021-03-18,92-904-9582
84-632-0013,2021-11-04,67-841-9713
02-211-2785,2021-09-09,68-296-9308
35-884-9148,2020-04-18,27-342-8219
12-605-1676,2022-10-14,12-982-1679
38-750-7959,2020-02-29,16-392-8441
11-821-0545,2020-11-08,01-608-1032
60-600-4172,2020-01-02,28-838-2563
34-426-9335,2022-08-05,91-276-1722
60-230-9043,2021-08-21,92-898-9409
67-799-1881,2021-08-09,28-808-0517
34-061-0340,2019-09-11,82-932-8304
29-930-1681,2019-08-17,16-112-3047
76-522-9855,2021-11-13,48-297-2055
77-986-1901,2019-12-30,62-452-0994
65-329-2436,2021-11-24,23-605-5942
83-597-0985,2020-05-20,04-962-5217
11-858-8042,2020-07-01,16-138-8056
92-610-5614,2022-08-01,27-913-7247
43-918-0203,2022-07-07,48-898-3804
18-752-8277,2020-10-06,39-552-7180
29-463-3688,2019-12-05,21-644-8108
23-382-0687,2021-08-04,39-791-8742
27-252-7456,2022-10-15,47-423-8685
57-773-2064,2022-03-17,82-214-2697
69-361-9646,2019-12-11,98-132-2808
42-108-7287,2020-06-22,33-208-6770
90-122-2737,2020-08-03,25-056-4351
46-138-6582,2019-08-24,86-592-7704
60-885-4424,2020-08-16,82-505-1173
71-516-9998,2019-12-17,13-051-6609
77-165-4390,2020-02-04,14-150-3681
67-156-1140,2020-03-20,77-254-6430
53-131-0339,2021-06-22,19-203-6248
03-039-5845,2020-04-22,50-471-6999
31-955-7364,2020-07-05,74-924-9475
75-606-4195,2020-10-09,08-784-0123
63-453-3505,2021-02-01,66-811-8791
81-493-5555,2022-02-21,37-292-6370
96-049-6957,2021-09-07,55-446-0184
53-661-8226,2022-11-05,34-938-2645
72-015-0440,2022-09-01,29-402-3395
35-326-1148,2022-08-29,63-009-8189
11-244-2193,2020-04-02,71-643-1944
15-190-8465,2022-03-04,24-648-1490
41-177-5682,2022-12-14,91-488-9581
01-877-6020,2021-06-09,07-280-9648
91-690-3480,2020-05-16,11-549-7666
74-314-5556,2021-02-13,38-163-2437
73-900-4790,2020-10-13,22-928-0299
44-379-6825,2021-11-22,03-512-0082
53-925-0103,2021-10-21,00-352-9063
96-883-6756,2021-09-06,14-064-2226
03-248-8148,2021-10-18,48-890-3098
95-581-1944,2022-03-19,07-161-0216
09-229-1754,2022-01-26,81-464-9164
71-188-6549,2022-08-03,32-091-9218
80-489-4967,2019-12-22,33-285-9278
59-971-2896,2019-08-23,50-753-5196
76-746-0202,2022-02-05,37-149-1807
80-544-0183,2022-11-12,74-548-0202
63-236-3555,2021-04-25,81-015-5506
76-509-2544,2020-05-11,76-847-6826
00-799-3091,2021-09-26,46-324-1886
88-756-9391,2022-12-21,87-886-6643
95-599-9120,2022-06-03,29-913-3446
61-622-8419,2019-10-21,02-156-3419
83-547-0450,2021-04-24,71-908-5082
20-343-7160,2020-08-12,65-760-7724
39-607-8115,2022-12-10,58-196-6560
43-799-4873,2022-11-24,22-501-0325
16-609-1782,2019-11-28,22-414-3931
50-617-3367,2020-09-24,30-959-5571
57-761-6559,2020-11-29,79-080-9855
67-009-1409,2020-10-16,15-086-9086
83-687-4769,2021-09-26,34-839-6626
57-683-6723,2022-12-29,11-402-7555
87-535-8388,2021-04-02,10-196-1743
61-799-5380,2020-11-22,07-187-1437
16-386-7757,2021-07-29,33-882-5916
39-040-2440,2020-10-06,75-071-4546
66-665-1879,2019-09-19,34-099-5874
22-001-6016,2019-08-27,41-356-7756
58-149-3499,2021-08-14,15-038-3835
19-329-8137,2021-03-25,59-386-1239
87-443-7001,2021-12-28,28-875-7993
53-322-3671,2021-01-13,13-040-2063
70-365-1885,2020-08-15,46-402-7692
91-490-5244,2022-08-11,64-665-8707
80-616-9335,2019-09-21,34-728-6780
84-007-9095,2020-10-14,14-396-6788
70-276-7176,2022-10-02,58-991-4580
44-439-4440,2022-08-04,02-681-4911
32-023-4917,2021-09-26,75-669-7534
93-829-0535,2022-05-27,28-783-9841
22-867-9098,2021-09-17,49-464-9139
33-395-8454,2020-05-21,86-404-0358
23-636-0824,2021-05-16,48-766-8760
62-201-9287,2019-06-26,05-480-9942
86-227-8811,2022-11-26,95-306-3083
25-432-8239,2021-02-21,61-676-0339
92-487-3562,2020-03-03,09-974-0828
59-738-2614,2019-07-26,47-010-9846
46-627-8981,2020-08-22,63-400-1629
92-859-5564,2021-01-16,78-969-3391
95-581-6863,2021-11-21,71-011-7586
87-766-3663,2020-10-27,81-476-1236
28-376-6551,2021-11-28,91-908-8699
65-428-6495,2022-09-20,07-014-5107
24-690-6396,2022-03-29,24-388-6822
46-576-0301,2021-09-21,18-648-5116
83-262-1365,2020-04-28,90-423-2784
86-425-5753,2021-05-27,57-843-3690
93-702-4764,2021-06-17,18-423-4240
51-493-6866,2022-01-24,45-272-9855
95-935-6126,2021-06-08,11-687-7365
53-412-8787,2022-09-27,51-291-3742
35-759-1971,2022-10-25,53-853-8502
21-106-4079,2021-11-02,45-685-2873
80-720-7802,2022-04-03,52-993-1145
37-398-9630,2022-01-31,36-740-6346
15-192-4862,2021-10-01,91-003-5808
86-668-1105,2021-07-17,19-291-5558
05-024-1112,2022-11-27,57-799-5797
85-868-5544,2022-12-05,56-376-6225
49-404-6008,2019-10-17,95-505-4189
42-108-2633,2021-08-15,07-597-7903
23-824-2201,2020-01-14,62-551-8160
90-256-2320,2019-06-14,38-029-8372
99-679-0062,2020-12-26,97-361-6034
54-322-1808,2020-09-08,78-757-0953
43-850-7830,2022-03-14,14-188-9770
66-721-3658,2020-04-07,37-428-9401
82-445-5186,2021-09-23,73-471-6783
79-627-2533,2021-03-02,03-040-0318
43-634-6121,2022-09-22,11-586-9495
67-723-0322,2022-03-13,69-530-7688
63-346-9064,2022-01-14,79-339-7626
50-747-1156,2021-03-16,39-702-3793
29-600-4791,2020-08-31,88-988-5357
54-800-8042,2020-05-05,92-702-5870
10-150-2658,2020-06-06,18-907-7870
86-819-6178,2022-10-30,06-321-2499
99-862-6759,2021-12-26,36-850-2399
87-618-1229,2021-04-09,31-320-9549
10-638-5334,2022-10-10,47-474-8927
90-359-2449,2022-08-21,83-549-0652
23-153-9991,2020-12-19,44-311-9619
39-130-1094,2021-02-07,40-236-9118
29-260-4008,2021-04-01,66-514-5198
23-364-4571,2019-11-11,14-693-9001
22-906-5872,2022-04-19,71-801-5063
26-326-8254,2020-01-13,48-306-2176
51-290-4538,2022-05-19,86-277-5508
40-476-8892,2021-01-22,57-157-8353
86-606-8047,2021-05-27,30-847-7835
07-143-9471,2022-03-27,21-383-0942
05-822-0829,2021-04-09,67-467-1171
64-941-6067,2019-09-11,18-179-2197
44-969-2805,2019-09-02,76-335-3399
41-201-7265,2020-12-23,45-044-4374
04-238-9179,2021-01-13,13-951-6935
38-295-3172,2020-12-24,72-152-2430
66-679-8766,2021-07-03,61-623-7377
75-556-0225,2020-02-15,09-203-2909
95-025-5981,2020-03-08,91-336-4124
07-312-6026,2020-02-21,42-547-8958
46-072-3557,2021-05-22,03-547-5984
74-006-2266,2022-03-10,27-104-9440
93-829-3135,2022-03-04,53-236-6596
33-671-4773,2019-07-08,95-631-7257
38-694-5330,2022-10-29,17-578-7660
55-592-1782,2021-09-08,80-268-7959
92-880-1942,2021-06-05,70-610-7059
36-019-1520,2020-08-12,91-839-0337
49-961-9885,2022-05-13,98-336-1192
90-877-0957,2023-01-04,13-919-9687
09-185-3204,2021-12-14,07-667-2054
37-656-4777,2021-09-12,85-451-7757
65-432-1983,2021-07-19,09-340-5529
26-973-3455,2020-01-06,28-994-2175
99-346-2194,2022-01-27,21-516-0006
67-813-5657,2020-02-07,90-138-4450
01-879-8004,2021-07-28,27-611-0020
32-792-5231,2021-08-21,23-205-4715
95-846-1036,2020-10-25,90-947-8460
43-720-3267,2020-07-17,37-076-7913
60-009-2815,2021-09-28,46-123-3292
64-718-6202,2019-08-15,30-426-0861
40-690-8134,2021-02-08,17-425-9366
59-784-8988,2022-06-03,54-763-6870
30-032-8406,2020-07-23,21-910-6325
76-194-5836,2020-01-02,87-825-2791
87-820-2746,2021-06-27,10-534-1630
89-535-2329,2021-02-12,12-760-8688
10-141-0121,2022-01-06,20-910-8042
45-486-4534,2021-05-15,49-905-8008
34-230-0439,2021-09-12,21-823-5019
24-102-1793,2021-04-12,70-815-9836
00-822-8333,2021-04-12,40-189-3632
31-669-5161,2021-05-02,42-611-3228
37-691-9097,2020-11-29,62-189-0455
72-306-1723,2020-07-01,67-746-6460
53-622-3155,2021-05-03,44-431-8932
03-568-8174,2020-11-21,82-729-5605
05-318-1801,2019-10-05,77-869-4945
26-802-1005,2020-09-01,53-704-6388
51-287-9364,2021-11-22,14-346-3203
15-272-2116,2022-09-08,14-832-8262
97-039-9333,2022-11-17,12-510-9183
09-481-5023,2019-10-23,44-900-5794
76-437-5698,2020-01-05,42-905-5328
25-252-0068,2022-01-05,20-850-2376
77-635-7433,2020-01-29,75-271-9762
78-204-9950,2020-12-21,68-882-8050
77-367-2436,2021-08-03,42-607-3260
45-043-4851,2022-01-14,60-346-2768
51-470-5294,2021-06-08,76-163-3165
30-205-9759,2020-06-19,19-601-3865
87-503-4703,2020-06-25,47-264-6899
41-269-9772,2021-06-09,56-511-3188
89-007-9559,2020-04-10,21-798-9412
54-080-0702,2020-11-20,82-520-3770
65-485-7254,2020-08-15,95-331-1993
64-051-9774,2020-05-14,53-257-4115
31-255-9487,2022-12-06,42-410-0705
97-623-6572,2022-01-22,38-609-7229
79-946-2742,2022-01-30,03-331-1028
34-257-0115,2020-03-21,29-836-4385
11-486-8739,2022-07-03,41-226-8734
21-385-2808,2022-01-06,16-815-6643
30-790-3083,2020-09-11,77-281-8756
40-599-5065,2022-05-27,30-825-3298
42-438-0394,2022-02-01,96-799-4054
71-828-3556,2019-06-26,68-814-7130
51-420-8292,2021-01-24,32-736-6261
00-965-9450,2022-02-15,63-784-1408
83-336-8250,2021-10-18,40-260-1346
34-331-6365,2020-12-13,35-306-1244
11-997-6382,2022-09-05,48-853-9332
61-720-5633,2019-07-24,56-125-9083
01-062-3384,2021-10-11,72-073-0415
61-729-8958,2020-01-04,50-376-1116
75-786-1124,2020-01-24,20-180-7160
56-644-2509,2020-12-26,47-775-2879
57-393-6200,2020-01-17,58-519-0920
76-334-1448,2019-12-07,53-665-5572
56-775-4607,2020-05-07,99-823-8050
29-947-3866,2021-09-05,46-151-7455
32-317-3692,2022-09-14,57-249-9311
26-461-5577,2021-07-06,41-836-7896
30-715-2573,2020-10-06,77-952-2629
36-290-7816,2019-10-26,04-242-3472
50-370-8158,2022-07-30,97-519-5326
92-776-2834,2021-07-08,74-748-7404
61-501-5110,2020-04-07,03-350-0766
29-952-5748,2019-06-27,59-273-7178
86-400-9239,2019-07-06,75-358-8408
79-850-0887,2021-03-17,53-501-6288
31-302-3952,2020-11-24,06-093-4453
10-030-5503,2021-02-03,09-685-7250
24-041-3369,2021-02-03,48-621-4122
59-617-9817,2021-06-02,37-038-2215
30-117-6174,2022-09-15,60-917-4254
17-586-7905,2021-07-03,62-845-0351
47-760-3761,2020-05-04,83-415-1839
68-391-0908,2022-08-14,79-877-0995
54-501-1389,2020-03-27,35-922-4096
99-900-7458,2021-01-26,07-117-6288
55-250-4051,2021-03-07,29-212-8537
10-462-2908,2022-06-29,98-667-2397
81-491-8325,2021-10-14,42-820-6751
97-554-4987,2021-06-25,14-111-5943
89-013-4600,2020-05-04,60-136-0339
88-109-8460,2020-02-11,48-656-3310
19-281-5590,2020-07-04,07-805-8279
61-721-9793,2022-06-20,21-055-2991
77-083-7289,2021-05-07,38-183-2380
95-551-4400,2021-10-10,31-360-2315
29-577-3059,2022-05-18,58-897-9539
43-663-3135,2020-06-23,45-104-2327
45-381-3607,2021-06-03,26-472-0085
02-732-6800,2022-12-07,95-863-7435
50-475-9958,2019-08-20,85-315-2081
92-873-3440,2020-10-16,82-197-4890
41-640-4815,2021-10-02,90-268-2856
45-153-3592,2020-03-03,54-078-7771
80-984-7751,2022-01-23,91-387-2469
31-014-4239,2019-11-07,87-182-2023
71-274-0068,2021-05-03,13-867-0430
40-081-7496,2020-12-03,50-466-7631
54-413-3195,2022-06-14,41-164-0757
64-427-6469,2021-03-02,01-646-4719
89-266-9786,2021-11-21,24-476-4314
32-732-9550,2022-02-21,96-936-2893
47-940-7720,2020-02-05,43-976-6171
84-923-5585,2022-03-03,04-213-6891
11-776-8532,2020-11-20,03-754-8064
40-708-8263,2021-05-27,80-279-3555
19-798-0585,2021-09-18,34-747-6973
85-956-0185,2022-09-14,80-992-8483
49-275-9191,2022-01-25,27-053-6056
62-507-3661,2021-10-18,28-076-4615
50-030-7130,2020-06-15,05-685-7660
19-530-8425,2021-10-30,96-672-3509
50-696-6686,2020-11-04,62-549-2752
65-919-0733,2019-06-26,40-270-8030
71-925-2450,2020-06-08,59-072-5051
52-523-5327,2022-12-07,28-108-0435
30-087-5181,2020-03-22,57-785-3314
91-855-3626,2021-11-16,94-096-1282
62-086-4242,2021-04-26,46-049-5828
11-645-0948,2019-07-07,41-128-9654
38-068-6643,2022-10-25,81-094-4880
73-375-8634,2020-05-31,71-750-9970
96-458-9557,2020-05-14,18-073-6715
55-209-0374,2019-12-06,41-371-0653
16-946-9856,2020-07-01,32-572-1979
05-971-9045,2022-10-03,54-536-6254
06-075-0174,2019-09-09,29-219-2253
67-748-7876,2020-03-14,71-721-5004
97-246-5273,2021-06-05,97-710-2761
02-715-2965,2022-10-26,59-575-5435
82-505-2050,2020-07-25,65-481-0473
84-039-6634,2021-07-18,43-167-6563
91-659-9644,2020-11-29,64-548-0720
21-164-7722,2020-07-02,80-680-2541
36-898-0004,2020-02-11,80-692-1577
95-007-7718,2022-06-06,20-619-2889
03-955-4532,2022-09-28,33-530-9357
58-753-8307,2021-07-14,37-845-3065
47-612-6340,2020-03-27,81-488-4385
97-905-7691,2019-12-22,81-070-8211
26-929-8429,2019-08-08,57-713-4376
92-660-8297,2021-02-09,91-235-3553
37-675-7898,2021-04-12,34-942-9341
93-892-9924,2021-01-12,53-865-0514
77-779-8790,2020-06-12,31-432-4517
95-666-2867,2019-11-17,55-350-7166
24-934-3291,2021-01-14,44-464-5517
36-505-9404,2020-11-02,13-549-8164
87-796-6079,2021-07-07,76-184-8198
40-278-4324,2022-06-15,53-208-7209
24-314-4867,2021-11-16,38-865-5715
85-196-6451,2021-06-29,15-968-4354
67-413-6177,2019-08-14,23-557-3971
65-262-1387,2020-12-04,42-475-0558
69-817-7678,2022-07-11,37-704-3505
17-253-1197,2021-10-06,50-685-3169
14-606-3655,2020-12-24,86-294-0566
99-664-1580,2022-04-17,23-082-9045
22-130-4513,2021-07-31,74-130-0054
06-605-4865,2019-09-14,52-201-2191
42-303-1476,2021-12-30,30-902-5761
16-921-7992,2022-02-21,33-940-3140
24-678-5042,2020-07-19,10-483-3261
36-928-2921,2022-01-28,66-300-2343
15-090-5294,2022-12-24,27-735-9532
21-844-2539,2020-06-15,42-165-1972
41-328-2835,2022-09-09,23-834-9533
41-441-3097,2021-01-17,81-334-5691
43-461-0935,2022-06-06,30-022-9413
37-273-5241,2021-05-25,19-848-0069
32-377-0706,2020-05-29,98-591-9409
74-776-4460,2022-07-21,10-047-1960
42-250-4316,2022-09-22,42-897-6329
87-530-1190,2020-02-23,39-999-0021
79-518-4381,2022-06-04,82-124-3942
14-648-5507,2019-07-17,36-331-2831
74-980-5294,2021-12-05,34-309-3114
17-264-8555,2021-03-01,19-101-7328
81-881-8993,2021-11-01,60-136-4870
86-053-9440,2022-12-23,85-127-4717
58-300-9513,2021-07-11,49-948-7915
58-115-0437,2021-01-30,06-831-0706
33-390-5032,2022-03-01,29-914-6794
30-724-0380,2021-02-23,31-856-0244
01-733-5889,2022-05-28,32-395-2589
80-349-3939,2022-12-25,04-935-5157
54-162-7684,2021-12-22,18-892-9010
53-563-4345,2021-03-08,95-339-8822
38-969-7419,2019-09-12,95-862-4662
03-555-7951,2022-08-21,80-277-5556
23-427-8106,2020-10-21,48-999-9247
21-627-1027,2019-12-30,55-441-4945
31-106-2180,2021-01-05,74-776-1637
66-188-6911,2022-07-12,51-529-9908
82-410-4692,2021-10-31,63-986-0563
76-867-4343,2021-06-08,96-628-9343
32-483-3668,2020-04-06,61-684-7316
92-392-7061,2019-06-23,48-951-1953
61-618-8783,2022-05-16,64-856-3763
47-068-1396,2022-09-30,23-233-9582
18-359-3465,2019-08-04,15-212-8866
33-044-7954,2021-11-16,07-575-4456
19-189-3064,2021-12-20,99-435-3448
36-478-2126,2019-11-18,07-158-6611
97-233-2887,2020-09-23,40-581-7231
24-351-9777,2022-09-09,49-436-2903
00-618-9205,2020-09-28,49-449-2339
72-325-3096,2021-01-10,28-494-9464
14-316-4950,2022-04-23,28-255-9636
66-525-3598,2021-07-18,04-007-9403
66-056-8690,2019-09-29,30-134-4141
66-501-9308,2020-10-22,43-303-6151
97-946-2509,2021-05-14,74-339-8181
40-864-0766,2021-04-15,34-231-0656
25-177-6985,2019-08-10,68-194-7215
11-146-3342,2021-07-11,82-442-4503
80-727-2984,2022-10-19,65-959-0100
24-139-0192,2020-06-13,06-870-3808
32-698-1958,2021-11-02,79-834-1150
66-068-8313,2021-10-12,91-484-8549
02-311-4674,2022-06-30,58-358-2956
85-569-0097,2020-12-21,40-946-4285
33-294-7116,2020-11-09,22-719-1060